INSERT INTO books(bookId,title,ISBN,author,publisher,edition,yearRelease) VALUES ('r1','Harry Potter 1','235126771','J.K.Rowling','Bloomsbury','1','2002');
INSERT INTO books(bookId,title,ISBN,author,publisher,edition,yearRelease) VALUES ('r2','Harry Potter 2','235126772','J.K.Rowling','Bloomsbury','2','2004');
INSERT INTO books(bookId,title,ISBN,author,publisher,edition,yearRelease) VALUES ('r3','Harry Potter 3','235126773','J.K.Rowling','Bloomsbury','3','2006');
INSERT INTO books(bookId,title,ISBN,author,publisher,edition,yearRelease) VALUES ('r4','Harry Potter 4','235126774','J.K.Rowling','Bloomsbury','4','2008');
INSERT INTO books(bookId,title,ISBN,author,publisher,edition,yearRelease) VALUES ('r5','Harry Potter 5','235126775','J.K.Rowling','Bloomsbury','5','2010');
INSERT INTO books(bookId,title,ISBN,author,publisher,edition,yearRelease) VALUES ('r6','Harry Potter 6','235126776','J.K.Rowling','Bloomsbury','6','2012');
INSERT INTO member(memberId,memberName,address,DOB,loanLimit,loanLenght,fines) VALUES ('m1','John Smith','England, London','07/15/1955','4','7','0');
INSERT INTO member(memberId,memberName,address,DOB,loanLimit,loanLenght,fines) VALUES ('m2','Pavel Vasilev','Cork, Ireland','07/24/1977','4','7','0');
INSERT INTO member(memberId,memberName,address,DOB,loanLimit,loanLenght,fines) VALUES ('m3','Dave Smith','Madrid, Spain','05/15/1978','7','14','200');
INSERT INTO member(memberId,memberName,address,DOB,loanLimit,loanLenght,fines) VALUES ('m4','George Holkins','Barcelona, Spain','01/15/1972','4','7','100');
INSERT INTO member(memberId,memberName,address,DOB,loanLimit,loanLenght,fines) VALUES ('m5','Diana Rawkin','Paris, France','11/15/1974','4','7','0');
INSERT INTO member(memberId,memberName,address,DOB,loanLimit,loanLenght,fines) VALUES ('m6','Georgia Hoverson','New York, USA','07/15/1987','4','7','0');
INSERT INTO member(memberId,memberName,address,DOB,loanLimit,loanLenght,fines) VALUES ('m7','Jim Colling','Brasil, Brasil','07/29/1997','4','7','0');
INSERT INTO member(memberId,memberName,address,DOB,loanLimit,loanLenght,fines) VALUES ('m8','Silvia Noal','Rome, Italy','07/28/1967','4','7','0');
INSERT INTO member(memberId,memberName,address,DOB,loanLimit,loanLenght,fines) VALUES ('m9','Kelly Mary','Edinburg, Scotland','07/23/1987','4','7','0');
INSERT INTO loan(bookId,memberId,loanDate,returnDate) VALUES ('r1','m1','02.08.2016',NULL );
INSERT INTO loan(bookId,memberId,loanDate,returnDate) VALUES ('r2','m2','07.08.2016','21.08.2016');
INSERT INTO loan(bookId,memberId,loanDate,returnDate) VALUES ('r3','m3','09.08.2016','30.08.2016');
INSERT INTO loan(bookId,memberId,loanDate,returnDate) VALUES ('r4','m4','24.08.2016',NULL);
INSERT INTO loan(bookId,memberId,loanDate,returnDate) VALUES ('r5','m5','10.08.2016','23.08.2016');
INSERT INTO loan(bookId,memberId,loanDate,returnDate) VALUES ('r5','m6','25.08.2016','28.08.2016');
